{
  "project_info": {
    "project_number": "121838189483",
    "project_id": "proyectointegradorbuceo",
    "storage_bucket": "proyectointegradorbuceo.appspot.com"
  },
  "client": [
    {
      "client_info": {
        "mobilesdk_app_id": "1:121838189483:android:8b0f9cafa92966374f30ee",
        "android_client_info": {
          "package_name": "com.dam.proyectointegradorbuceo"
        }
      },
      "oauth_client": [
        {
          "client_id": "121838189483-fkp7gjlap252i0p9gjn5bmqiarr8u07m.apps.googleusercontent.com",
          "client_type": 3
        }
      ],
      "api_key": [
        {
          "current_key": "AIzaSyC-YfqVi6CozV37duYi3UOiNunAQjoAt3k"
        }
      ],
      "services": {
        "appinvite_service": {
          "other_platform_oauth_client": [
            {
              "client_id": "121838189483-fkp7gjlap252i0p9gjn5bmqiarr8u07m.apps.googleusercontent.com",
              "client_type": 3
            }
          ]
        }
      }
    }
  ],
  "configuration_version": "1"
}